{
  "score": 0.536667,
  "decision": "show_captcha",
  "model_source": "RandomForest",
  "thresholds": {
    "allow_max": 0.3,
    "captcha_max": 0.7
  },
  "features": {
    "n_events": 236.0,
    "session_start_ms": 27.0,
    "session_end_ms": 38157.0,
    "duration_ms": 38130.0,
    "mousemove_n": 75.0,
    "mousedown_n": 0.0,
    "mouseup_n": 0.0,
    "click_n": 5.0,
    "scroll_event_n": 45.0,
    "keydown_n": 111.0,
    "keyup_n": 0.0,
    "events_per_sec": 6.189352216102805,
    "clicks_per_sec": 0.13113034356150013,
    "keys_per_sec": 2.9110936270653025,
    "scrolls_per_sec": 1.1801730920535012,
    "mouse_n": 75.0,
    "mouse_path_len": 3798.4599488257786,
    "mouse_displacement": 525.1018948737474,
    "mouse_straightness": 0.13824073491575778,
    "mouse_speed_mean": 0.26355755426852423,
    "mouse_speed_std": 0.2851804328338961,
    "mouse_speed_max": 1.575184874497849,
    "mouse_move_dt_mean": 515.2702702702703,
    "mouse_move_dt_std": 1803.008831335249,
    "mouse_direction_changes": 21.0,
    "mouse_idle_pauses": 4.0,
    "scroll_n": 45.0,
    "scroll_delta_mean": -2.727272727272727,
    "scroll_delta_std": 33.025089093423205,
    "scroll_delta_max": 120.0,
    "scroll_bursts": 1.0,
    "key_n": 111.0,
    "interkey_mean": 159.1909090909091,
    "interkey_std": 165.84009250175825,
    "backspace_n": 0.0,
    "unique_keys": 31.0,
    "focus_n": 0.0,
    "blur_n": 0.0,
    "focus_jump_total": 0.0
  }
}